ID,Thumbnail
3-G-B-65_1,"https://nakamura196.github.io/toyo_images/gazou/2009/三-G-B-65_1/1000/IMG0001/full/125,/0/default.jpg"
3-G-B-65_2,"https://nakamura196.github.io/toyo_images/gazou/2009/三-G-B-65_2/1000/IMG0001/full/125,/0/default.jpg"
3-G-B-74_1,"https://nakamura196.github.io/toyo_images/gazou/2009/三-G-B-74_1/1000/IMG0001/full/125,/0/default.jpg"
3-G-B-74_2,"https://nakamura196.github.io/toyo_images/gazou/2009/三-G-B-74_2/1000/IMG0001/full/125,/0/default.jpg"
3_F_a_ro_10_01,"https://nakamura196.github.io/toyo_images/gazou/2009/3_F_a_ro_10/01/1000/3_F_a_ro_10_01_001/full/125,/0/default.jpg"
3_F_a_ro_10_02,"https://nakamura196.github.io/toyo_images/gazou/2009/3_F_a_ro_10/02/1000/3_F_a_ro_10_02_001/full/125,/0/default.jpg"
3_F_a_ro_10_03,"https://nakamura196.github.io/toyo_images/gazou/2009/3_F_a_ro_10/03/1000/3_F_a_ro_10_03_001/full/125,/0/default.jpg"
3_F_a_ro_9_01,"https://nakamura196.github.io/toyo_images/gazou/2009/3_F_a_ro_9/01/1000/3_F_a_ro_9_01_001/full/125,/0/default.jpg"
3_F_a_ro_9_02,"https://nakamura196.github.io/toyo_images/gazou/2009/3_F_a_ro_9/02/1000/3_F_a_ro_9_02_001/full/125,/0/default.jpg"
3_G_b_06,"https://nakamura196.github.io/toyo_images/gazou/2009/3_G_b_06/1000/3_G_b_06_00_001/full/125,/0/default.jpg"
3_G_b_11_01,"https://nakamura196.github.io/toyo_images/gazou/2009/3_G_b_11/01/1000/3_G_b_11_01_001/full/125,/0/default.jpg"
3_G_b_11_02,"https://nakamura196.github.io/toyo_images/gazou/2009/3_G_b_11/02/1000/3_G_b_11_02_001/full/125,/0/default.jpg"
XV-3-B-B-45,"https://nakamura196.github.io/toyo_images/gazou/2009/XV-3-B-B-45/1000/IMG0001/full/125,/0/default.jpg"
